{"initial_pi": [0.23305193248719497, 0.0014132314926197209, 0.20416660764668343, 0.00020190401189555402, 0.20084343287046813, 0.15847818668246588, 0.013389301125281252, 0.0022095205339864228, 0.08674215833197821, 0.0671392537284252, 0.01933872390541033, 0.013025747183590633], "trained_pi": [0.01991760467312221, 7.702496151008292e-25, 0.6100566325531255, 0.27139516031925676, 0.007204800838670103, 0.0017296078671290866, 3.516095608561591e-29, 0.01992175288893023, 0.026014160241472187, 7.514772239813612e-07, 0.006167481107732912, 0.037592048033336885], "input": [0, 1, 2, 3, 4, 5, 6, 7, 8, 9, 10, 11, 12, 13, 14, 15, 16, 17, 18, 19, 20, 21, 22, 23, 24, 25, 26, 27, 28, 29, 30, 31, 32, 33, 34, 35, 36, 37, 38, 39, 40, 41, 42, 43, 44, 45, 46, 47, 48, 49, 50, 51, 52, 53, 54, 55, 56, 57, 58, 59, 60, 61, 62, 63, 64, 65, 66, 67, 68, 69, 70, 71, 72, 73, 74, 75, 76, 77, 78, 79, 80, 81, 82, 83, 84, 85, 86, 87, 88, 89, 90, 91, 92, 93, 94, 95, 0, 1, 2, 3, 4, 5, 6, 7, 8, 9, 10, 11, 12, 13, 14, 15, 16, 17, 18, 19, 20, 21, 22, 23, 24, 25, 26, 27, 28, 29, 30, 31, 32, 33, 34, 35, 36, 37, 38, 39, 40, 41, 42, 43, 44, 45, 46, 47, 48, 49, 50, 51, 52, 53, 54, 55, 56, 57, 58, 59, 60, 61, 62, 63, 64, 65, 66, 67, 68, 69, 70, 71, 72, 73, 74, 75, 76, 77, 78, 79, 80, 81, 82, 83, 84, 85, 86, 87, 88, 89, 90, 91, 92, 93, 94, 95]}